101,OYGVVQ
102,AJTEWZ
103,FZSVTA
104,GDVHQF
105,UMAJJD
106,HJHIPD
107,NIBAQZ
108,VNNCZE
109,NORWRP
110,IQHFLV
111,BPQTEG
112,BPENCH
113,XKYUEE
114,KKEPKK
115,RQSMEG
116,WOBKIB
117,UQBPNQ
118,WIWPXN
119,SMKOUI
120,ALGZFM
121,EQYMFD
122,RBYYQD
123,WRGLYE
124,WTRISO
125,BXUWBU
126,LBCHTM
127,XMQGBW
128,JCURNI
129,YMNACA
130,SJJLBY
131,NRCFJW
132,RKJNDJ
133,LTOUEU
134,AOQSHS
135,VKYCIB
136,PWOYGN
137,OGIOAV
138,UABQUR
139,XQSYKF
140,HMQCLY
141,KFRENI
142,ASTVOM
143,VWOMXH
144,SFERKX
145,DIPTLN
146,EZXEZG
147,GFXVQV
148,EZTURD
149,GASBCV
150,IBRHUA
151,STHYPL
152,KOZBHL
153,WKWUWG
154,AWMLMX
155,YATRFR
156,CUKDSO
157,TTKXHH
158,GBQXMZ
159,YTANGA
160,QHBCBM
161,RTKYIN
162,UDSQOU
163,TGGNWQ
164,FXIDFU
165,DZDPVY
166,IHKUEI
167,JPOQDT
168,IMKFAM
169,VGVIXI
170,LRVYRA
171,NWKDDI
172,UGXKEH
173,LOPUUL
174,BCNPMB
175,MYJAAW
176,QDHDCJ
177,MZATSF
178,ZEEXUN
179,RLHQUC
180,MYMCGP
181,JCYOQX
182,JPVIHS
183,DIBWTS
184,HPZZSJ
185,ZXJKDF
186,QKEOVL
187,YNSDGX
188,QNFMTA
189,ZMLQOA
190,OOUHLP
191,GPEQQI
192,QZLLYP
193,PVGXYE
194,PEOBDC
195,XTECPJ
196,SBLADM
197,JWKLOO
198,YJITIG
199,QLTGTR
200,UXLCRN
